survey_id,pct_hh_below_3.17,pct_hh_below_3.94,pct_hh_below_4.60,pct_hh_below_5.26,pct_hh_below_5.88,pct_hh_below_6.47,pct_hh_below_7.06,pct_hh_below_7.70,pct_hh_below_8.40,pct_hh_below_9.13,pct_hh_below_9.87,pct_hh_below_10.70,pct_hh_below_11.62,pct_hh_below_12.69,pct_hh_below_14.03,pct_hh_below_15.64,pct_hh_below_17.76,pct_hh_below_20.99,pct_hh_below_27.37
400000.0,0.06019646359334572,0.11243164852296615,0.15989951188725596,0.2126268746357621,0.2639731894085062,0.31263177194552105,0.3577852399129379,0.40852321380973766,0.464319701029783,0.51380647913314,0.5603286018471294,0.6102748448602732,0.6601845602123062,0.7089826950541134,0.761828264271229,0.8099177400191082,0.8612200456204478,0.9072591772224302,0.953682233956624
500000.0,0.06019646359334572,0.11243164852296615,0.15989951188725596,0.2126268746357621,0.2639731894085062,0.31263177194552105,0.3577852399129379,0.40852321380973766,0.464319701029783,0.51380647913314,0.5603286018471294,0.6102748448602732,0.6601845602123062,0.7089826950541134,0.761828264271229,0.8099177400191082,0.8612200456204478,0.9072591772224302,0.953682233956624
600000.0,0.06019646359334572,0.11243164852296615,0.15989951188725596,0.2126268746357621,0.2639731894085062,0.31263177194552105,0.3577852399129379,0.40852321380973766,0.464319701029783,0.51380647913314,0.5603286018471294,0.6102748448602732,0.6601845602123062,0.7089826950541134,0.761828264271229,0.8099177400191082,0.8612200456204478,0.9072591772224302,0.953682233956624
